{"colsample_bylevel":0.0729889137,"colsample_bytree":0.4372934454,"gamma":0.0000000348,"learning_rate":0.8969822936,"max_delta_step":19.0,"max_depth":31.0,"min_child_weight":2.0,"n_estimators":51.0,"reg_alpha":0.1708140512,"reg_lambda":263.7566840963,"scale_pos_weight":57.6772651309,"subsample":0.7421365269}