{"colsample_bylevel":0.0988351644,"colsample_bytree":0.8618968548,"gamma":0.0022042143,"learning_rate":0.0798942402,"max_delta_step":10.0,"max_depth":13.0,"min_child_weight":0.0,"n_estimators":68.0,"reg_alpha":0.001463884,"reg_lambda":0.0000000031,"scale_pos_weight":18.2765503391,"subsample":0.4213226274}