{"colsample_bylevel":0.6539328955,"colsample_bytree":0.5186438098,"gamma":0.0000002834,"learning_rate":0.1382563184,"max_delta_step":12.0,"max_depth":25.0,"min_child_weight":3.0,"n_estimators":66.0,"reg_alpha":0.0027177775,"reg_lambda":0.0012022729,"scale_pos_weight":105.9354676487,"subsample":0.6912364531}