{"colsample_bylevel":0.9559232064,"colsample_bytree":0.7036152302,"gamma":0.0382361344,"learning_rate":0.0678644252,"max_delta_step":8.0,"max_depth":11.0,"min_child_weight":0.0,"n_estimators":69.0,"reg_alpha":0.0002235683,"reg_lambda":0.0000001291,"scale_pos_weight":4.7358848612,"subsample":0.4499578016}